Año,Mes,Orden_mes,Videos,Cobertura
2017,Enero,1,257,Parcial
2017,Febrero,2,575,Completo
2017,Marzo,3,267,Completo
2017,Abril,4,256,Completo
2017,Mayo,5,414,Completo
2017,Junio,6,349,Completo
2017,Julio,7,326,Completo
2017,Agosto,8,517,Completo
2017,Septiembre,9,418,Completo
2017,Octubre,10,350,Completo
2017,Noviembre,11,511,Completo
2017,Diciembre,12,338,Completo
2018,Enero,1,276,Completo
2018,Febrero,2,343,Completo
2018,Marzo,3,168,Completo
2018,Abril,4,302,Completo
2018,Mayo,5,249,Completo
2018,Junio,6,210,Completo
2018,Julio,7,112,Completo
2018,Agosto,8,270,Completo
2018,Septiembre,9,255,Completo
2018,Octubre,10,352,Completo
2018,Noviembre,11,542,Completo
2018,Diciembre,12,313,Completo
2019,Enero,1,479,Completo
2019,Febrero,2,494,Completo
2019,Marzo,3,423,Completo
2019,Abril,4,239,Completo
2019,Mayo,5,283,Completo
2019,Junio,6,259,Completo
2019,Julio,7,599,Completo
2019,Agosto,8,446,Completo
2019,Septiembre,9,336,Completo
2019,Octubre,10,424,Completo
2019,Noviembre,11,181,Completo
2019,Diciembre,12,292,Completo
2020,Enero,1,536,Completo
2020,Febrero,2,405,Completo
2020,Marzo,3,559,Completo
2020,Abril,4,595,Completo
2020,Mayo,5,747,Completo
2020,Junio,6,494,Completo
2020,Julio,7,477,Completo
2020,Agosto,8,411,Completo
2020,Septiembre,9,386,Completo
2020,Octubre,10,326,Completo
2020,Noviembre,11,247,Completo
2020,Diciembre,12,248,Completo
2021,Enero,1,121,Completo
2021,Febrero,2,164,Completo
2021,Marzo,3,169,Completo
2021,Abril,4,153,Completo
2021,Mayo,5,139,Completo
2021,Junio,6,83,Completo
2021,Julio,7,112,Completo
2021,Agosto,8,126,Completo
2021,Septiembre,9,151,Completo
2021,Octubre,10,91,Completo
2021,Noviembre,11,88,Completo
2021,Diciembre,12,185,Completo
2022,Enero,1,149,Completo
2022,Febrero,2,95,Completo
2022,Marzo,3,246,Completo
2022,Abril,4,274,Completo
2022,Mayo,5,466,Completo
2022,Junio,6,284,Completo
2022,Julio,7,90,Completo
2022,Agosto,8,177,Completo
2022,Septiembre,9,167,Completo
2022,Octubre,10,159,Completo
2022,Noviembre,11,150,Completo
2022,Diciembre,12,154,Completo
2023,Enero,1,52,Completo
2023,Febrero,2,90,Completo
2023,Marzo,3,339,Completo
2023,Abril,4,218,Completo
2023,Mayo,5,308,Completo
2023,Junio,6,290,Completo
2023,Julio,7,105,Completo
2023,Agosto,8,246,Completo
2023,Septiembre,9,260,Completo
2023,Octubre,10,120,Completo
2023,Noviembre,11,150,Completo
2023,Diciembre,12,161,Completo
2024,Enero,1,16,Completo
2024,Febrero,2,79,Completo
2024,Marzo,3,839,Completo
2024,Abril,4,146,Completo
2024,Mayo,5,222,Completo
2024,Junio,6,377,Completo
2024,Julio,7,280,Completo
2024,Agosto,8,264,Completo
2024,Septiembre,9,195,Completo
2024,Octubre,10,270,Completo
2024,Noviembre,11,284,Completo
2024,Diciembre,12,115,Completo
2025,Enero,1,32,Completo
2025,Febrero,2,516,Completo
2025,Marzo,3,253,Completo
2025,Abril,4,167,Completo
2025,Mayo,5,208,Completo
2025,Junio,6,133,Completo
2025,Julio,7,104,Completo
2025,Agosto,8,132,Completo
2025,Septiembre,9,150,Completo
2025,Octubre,10,167,Completo
2025,Noviembre,11,240,Completo
2025,Diciembre,12,85,Completo
2026,Enero,1,75,Completo
2026,Febrero,2,70,Completo
2026,Marzo,3,116,Completo
2026,Abril,4,131,Completo
2026,Mayo,5,249,Completo
2026,Junio,6,293,Completo
2026,Julio,7,179,Completo
2026,Agosto,8,140,Parcial
